device id,Code,Name,Active,Zone
1,1,القاهرة,1,
2,2,الجيزة,1,
3,3,الاسكندرية,1,
4,4,القليوبية,1,
5,5,المنوفية,,
6,6,الغربية,1,
7,7,الدقهلية,1,
8,8,كفر الشيخ,1,
9,9,دمياط,1,
10,10,بورسعيد,1,
11,11,الإسماعيلية,1,
12,12,السويس,1,
13,13,شرم الشيخ,1,
14,14,الشرقية,1,
15,15,البحيرة,1,
16,16,مرسى مطروح,1,
17,17,الفيوم,1,
18,18,بني سويف,1,
19,19,المنيا,1,
20,20,أسيوط,1,
21,21,سوهاج,1,
22,22,قنا,1,
23,23,الأقصر,1,
24,24,أسوان,1,
25,25,الوادي الجديد,1,
26,26,الغردقه,1,
27,27,العين السخنة,1,
28,28,الساحل الشمالي,1,
29,29,جنوب سيناء,1,
30,30,حلوان,1,
31,31,وسط البلد,1,
307,0,غير موضح,1,القاهرة
1,1,مدينة نصر,1,القاهرة
2,2,التجمع الثالث,1,القاهرة
3,3,التجمع الخامس,1,القاهرة
4,4,التجمع الاول,1,القاهرة
5,5,الرحاب,1,القاهرة
6,6,مدينتي,1,القاهرة
7,7,الشروق,1,القاهرة
8,8,Badr,1,القاهرة
9,9,العبور,1,القاهرة
10,10,El Salam City,1,القاهرة
11,11,مصر الجديدة,1,القاهرة
12,12,المرج,1,القاهرة
13,13,عزبة النخل,1,القاهرة
14,14,المطرية,1,القاهرة
15,15,عين شمس,1,القاهرة
16,16,حدائق القبة,1,القاهرة
17,17,منشية الصدر,1,القاهرة
18,18,العباسية,1,القاهرة
19,19,الضاهر,1,القاهرة
20,20,باب الشعرية,1,القاهرة
21,21,الزاوية الحمراء,1,القاهرة
22,22,العتبة,1,القاهرة
23,23,رمسيس,1,القاهرة
24,24,شبرا مصر,1,القاهرة
25,25,شبرا الخيمة,1,القاهرة
26,26,التحرير,1,القاهرة
27,27,وسط البلد,1,القاهرة
28,28,السيدة زينب,1,القاهرة
29,29,الملك الصالح,1,القاهرة
30,30,مصر القديمة,1,القاهرة
31,31,دار السلام,1,القاهرة
32,32,الفسطاط,1,القاهرة
33,33,المعادي,1,القاهرة
34,34,طره البلد,,القاهرة
35,35,و,,القاهرة
36,36,ح,,القاهرة
37,37,15,,القاهرة
38,38,المقطم,1,القاهرة
39,39,Katameya,1,القاهرة
40,40,منشية ناصر,1,القاهرة
41,41,المنيل,1,القاهرة
291,291,حلمية الزتون,1,القاهرة
304,304,مجانا,1,القاهرة
314,314,Garden city,1,القاهرة
319,319,الموسكي,1,القاهرة
320,320,المعصرة,1,القاهرة
323,323,6,,القاهرة
324,324,G,,القاهرة
325,325,Gesr El Suez,1,القاهرة
331,331,زهراء المعادي,1,القاهرة
332,332,Abbas El Akkad,1,القاهرة
333,333,Makram Ebeid,1,القاهرة
334,334,Korba,1,القاهرة
335,335,Merghani,1,القاهرة
336,336,شيراتون,1,القاهرة
337,337,Heliopolis,1,القاهرة
338,338,الحى العاشر,1,القاهرة
339,339,الحى السابع,1,القاهرة
340,340,الحى الثامن,1,القاهرة
341,341,المنطقه الثامنه,1,القاهرة
343,343,رحاب,1,القاهرة
344,344,القاهرة,1,القاهرة
345,345,الدقي,1,القاهرة
346,346,--,1,القاهرة
347,347,ميدان لبنان,1,القاهرة
348,348,الوارق,1,القاهرة
357,357,شبرا,1,القاهرة
358,358,شبرا مصر 1,1,القاهرة
359,359,العاصمه الاداريه,1,القاهرة
360,360,القاهره الجديده,1,القاهرة
42,42,المهندسين,1,الجيزة
43,43,الدقي,1,الجيزة
44,44,الوارق,1,الجيزة
45,45,امبابة,1,الجيزة
46,46,الزمالك,1,الجيزة
47,47,فيصل,1,الجيزة
48,48,الهرم,1,الجيزة
49,49,الشيخ زايد,1,الجيزة
50,50,6 اكتوبر,1,الجيزة
51,51,طناش,,الجيزة
52,52,جزيرة محمد,1,الجيزة
53,53,شبين القناطر,,الجيزة
54,54,البراجيل,,الجيزة
55,55,Bashtil,,الجيزة
56,56,Ausim,,الجيزة
57,57,المنيب,1,الجيزة
58,58,ابو النمرس,,الجيزة
59,59,الحوامدية,,الجيزة
60,60,البدرشين,,الجيزة
292,292,Kerdasa,1,الجيزة
293,293,Sakkara,1,الجيزة
294,294,الصف,,الجيزة
306,306,Hadayek El Ahram,1,الجيزة
309,309,بولاق الدكرور,1,الجيزة
311,311,المريوطيه,1,الجيزة
312,312,Ard El Lewa,1,الجيزة
313,313,شبرامنت,,الجيزة
321,321,طريق مصر اسكندرية الصحراوي,1,الجيزة
322,322,Wahat Road,1,الجيزة
326,326,Dreamland,1,الجيزة
327,327,Agouza,1,الجيزة
328,328,Hadayek El Qubbah,1,الجيزة
329,329,Marg,1,الجيزة
330,330,Giza,1,الجيزة
342,342,المطريه,1,الجيزة
349,349,الطلبيه,1,الجيزة
61,61,المنشية,1,الاسكندرية
62,62,محطة الرمل,1,الاسكندرية
63,63,باكوس,1,الاسكندرية
64,64,سيدي جابر,1,الاسكندرية
65,65,سيدي بشر,1,الاسكندرية
66,66,سموحة,1,الاسكندرية
67,67,فيكتوريا,1,الاسكندرية
68,68,Green Plaza,1,الاسكندرية
69,69,المندرة,1,الاسكندرية
70,70,العصافرة,1,الاسكندرية
71,71,المنتزة,1,الاسكندرية
72,72,المعمورة,1,الاسكندرية
73,73,Abu Qir,1,الاسكندرية
74,74,Miami,1,الاسكندرية
75,75,الخضرة,1,الاسكندرية
76,76,الانفوشي,1,الاسكندرية
77,77,الازريطة,1,الاسكندرية
78,78,زيزينيا,1,الاسكندرية
79,79,Ibrahimiyyah,1,الاسكندرية
80,80,جليم,1,الاسكندرية
81,81,الشاطبي,1,الاسكندرية
82,82,سيدي كرير,1,الاسكندرية
83,83,السرايا,1,الاسكندرية
84,84,مرغم,1,الاسكندرية
85,85,العوايد,1,الاسكندرية
86,86,بولكي,1,الاسكندرية
87,87,محرم بيك,1,الاسكندرية
88,88,وران,1,الاسكندرية
89,89,كوم الدكه,1,الاسكندرية
90,90,كفر عبده,1,الاسكندرية
91,91,Karmus,1,الاسكندرية
92,92,السيوف,1,الاسكندرية
93,93,كامب شيزار,1,الاسكندرية
94,94,الداخيلة,1,الاسكندرية
95,95,El Agamy,1,الاسكندرية
96,96,برج العرب,1,الاسكندرية
97,97,العامرية,1,الاسكندرية
98,98,ابو تلات,1,الاسكندرية
99,99,ستانلي,1,الاسكندرية
100,100,سبورتنج,1,الاسكندرية
101,101,سان ستيفانو,1,الاسكندرية
102,102,جناكليس,1,الاسكندرية
103,103,الجمرك,1,الاسكندرية
104,104,راس التين,1,الاسكندرية
105,105,رشدي,1,الاسكندرية
106,106,بحري,1,الاسكندرية
298,298,اطرف الاسكندرية,1,الاسكندرية
299,299,لوران,1,الاسكندرية
300,300,ونجت,1,الاسكندرية
301,301,الفلكي,1,الاسكندرية
302,302,الراس السودا,1,الاسكندرية
303,303,بوكلي,1,الاسكندرية
308,308,غير محدد,1,الاسكندرية
107,107,بنها,1,القليوبية
108,108,طوخ,1,القليوبية
109,109,قها,1,القليوبية
110,110,القناطر الخيرية,1,القليوبية
111,111,باسوس,1,القليوبية
112,112,شبين  القناطر,1,القليوبية
113,113,قليوب,1,القليوبية
114,114,كفر شكر,1,القليوبية
115,115,الخصوص,1,القليوبية
116,116,بهتيم,1,القليوبية
117,117,الخانكة,1,القليوبية
118,118,منوف,1,المنوفية
119,119,شبين الكوم,1,المنوفية
120,120,الباجور,1,المنوفية
121,121,السادات,1,المنوفية
122,122,اشمون,1,المنوفية
123,123,تلا,1,المنوفية
124,124,قويسنا,1,المنوفية
125,125,بركة السبع,1,المنوفية
126,126,الشهداء,1,المنوفية
127,127,سرس الليان,1,المنوفية
128,128,طنطا,1,الغربية
129,129,المحلة,1,الغربية
130,130,بسيون,1,الغربية
131,131,زفتي,1,الغربية
132,132,سمنود,1,الغربية
133,133,سنطة,1,الغربية
134,134,قطور,1,الغربية
135,135,كفر الزيات,1,الغربية
136,136,المنصورة,1,الدقهلية
137,137,السنبلاوين,1,الدقهلية
138,138,ميت غمر,1,الدقهلية
139,139,المطريه,1,الدقهلية
140,140,بلقاس,1,الدقهلية
141,141,دكرنس,1,الدقهلية
142,142,المنزلة,1,الدقهلية
143,143,طلخا,1,الدقهلية
144,144,الجمالية,1,الدقهلية
145,145,منية النصر,1,الدقهلية
146,146,شربين,1,الدقهلية
147,147,تمي الامديد,1,الدقهلية
148,148,ميت سلسيل,1,الدقهلية
149,149,بني عبيد,1,الدقهلية
150,150,اجا,1,الدقهلية
151,151,جمصه,1,الدقهلية
152,152,نبروه,1,الدقهلية
153,153,كفرالشيخ,1,كفر الشيخ
154,154,قلين,1,كفر الشيخ
155,155,بيلا,1,كفر الشيخ
156,156,دسوق,1,كفر الشيخ
157,157,سيدي سالم,1,كفر الشيخ
158,158,فوه,1,كفر الشيخ
159,159,الرياض,1,كفر الشيخ
160,160,الحامول,1,كفر الشيخ
161,161,مطوبس,1,كفر الشيخ
162,162,دمياط,1,دمياط
163,163,دمياط الجديدة,1,دمياط
164,164,راس البر,1,دمياط
165,165,فارسكور,1,دمياط
166,166,الرواد,1,دمياط
167,167, البطيخ,1,دمياط
168,168,الزرقا,1,دمياط
169,169,بورسعيد,1,بورسعيد
170,170,بورفؤاد,1,بورسعيد
171,171,العرب,1,بورسعيد
172,172,جنوب,1,بورسعيد
173,173,الشرق,1,بورسعيد
174,174,الزهور,1,بورسعيد
175,175,ضواحي,1,بورسعيد
176,176,الاسماعيلية,1,الإسماعيلية
177,177,القصاصين,1,الإسماعيلية
178,178,التل الكبير,1,الإسماعيلية
179,179,ابو سوير,1,الإسماعيلية
180,180,القنطرة غرب,1,الإسماعيلية
181,181,القنطرة شرق,1,الإسماعيلية
182,182,فايد,1,الإسماعيلية
183,183,الاسماعيلية الجديدة,1,الإسماعيلية
188,188,حي الشيخ زايد,1,الإسماعيلية
184,184,السويس,1,السويس
185,185,الاربعين,1,السويس
186,186,الجناين,1,السويس
187,187,حي فيصل,1,السويس
189,189,العين الشحنة,1,السويس
190,190,راس سدر,1,السويس
191,191,شرم الشيخ,1,شرم الشيخ
192,192,سانت كاترين,1,شرم الشيخ
193,193,نويبع,1,شرم الشيخ
194,194,طابا,1,شرم الشيخ
195,195,راس سدر,1,شرم الشيخ
196,196,دهب,1,شرم الشيخ
197,197,الطور,1,شرم الشيخ
198,198,ابو رادس,1,شرم الشيخ
199,199,ابو زينم,1,شرم الشيخ
200,200,الزقازيق,1,الشرقية
201,201,بلبيس,1,الشرقية
202,202,ابو حماد,1,الشرقية
203,203,ابو كبير,1,الشرقية
204,204,اولاد صقر,1,الشرقية
205,205,كفر صقر,1,الشرقية
206,206,فاقوس,1,الشرقية
207,207,ديرب نجم,1,الشرقية
208,208,الحسينية,1,الشرقية
209,209,منيا القمح,1,الشرقية
210,210,هيها,1,الشرقية
211,211,مشتول السوق,1,الشرقية
212,212,الابراهيمية الشرقية,1,الشرقية
213,213,القنايات,1,الشرقية
305,305,العاشر من رمضان,1,الشرقية
214,214,دمنهور,1,البحيرة
215,215,كفر الدوار,1,البحيرة
216,216,ابو حمص,1,البحيرة
217,217,ابو المطامير,1,البحيرة
218,218,الرحمانية,1,البحيرة
219,219,رشيد,1,البحيرة
220,220,مركز بدر,1,البحيرة
221,221,ادكو,1,البحيرة
222,222,حوش عيسي,1,البحيرة
223,223,المحمودية,1,البحيرة
224,224,شبراخيت,1,البحيرة
225,225,ايتاي الباروي,1,البحيرة
226,226,الدلنجات,1,البحيرة
227,227,وادي النطرون,1,البحيرة
228,228,النوبارية,1,البحيرة
350,350,البحيره,1,البحيرة
229,229,الساحل الشمالي,1,مرسى مطروح
230,230,سيدي عبد الرحمن,1,مرسى مطروح
231,231,مارينا,1,مرسى مطروح
232,232,سيدي برني,1,مرسى مطروح
233,233,الضبعة,1,مرسى مطروح
234,234,الحمام,1,مرسى مطروح
235,235,السلوم,1,مرسى مطروح
236,236,النجيله,1,مرسى مطروح
237,237,سيوه,1,مرسى مطروح
238,238,ابشواي,1,الفيوم
239,239,طماي,1,الفيوم
240,240,سنورس,1,الفيوم
241,241,اطسا,1,الفيوم
242,242,الفيوم الجديد,1,الفيوم
355,355,سنهور,1,الفيوم
243,243,بني سويف,1,بني سويف
244,244,بني سويف الجديدة,1,بني سويف
245,245,الفشن,1,بني سويف
246,246,الواسطي,1,بني سويف
247,247,ناصر,1,بني سويف
248,248,المنيا,1,المنيا
249,249,المنيا الجديدة,1,المنيا
250,250,ابو قرقاص,1,المنيا
251,251,بني مزار,1,المنيا
252,252,سمالوط,1,المنيا
253,253,مغاغا,1,المنيا
254,254,مالوي,1,المنيا
255,255,ديروط,1,أسيوط
256,256,القواصية,1,أسيوط
257,257,ابانوب,1,أسيوط
258,258,ابو تيج,1,أسيوط
259,259,منفلوط,1,أسيوط
260,260,الغانيم,1,أسيوط
261,261,ساحل سليم,1,أسيوط
262,262,اخميم,1,سوهاج
263,263,صقلته,1,سوهاج
264,264,دارالسلام سوهاج,1,سوهاج
265,265,طما,1,سوهاج
266,266,جهينة,1,سوهاج
267,267,جرجا,1,سوهاج
268,268,البيلنة,1,سوهاج
269,269,قنا,1,قنا
270,270,ابو تشت,1,قنا
271,271,فرشوط,1,قنا
272,272,نجع حمادي,1,قنا
273,273,الوقف,1,قنا
274,274,دشنا,1,قنا
275,275,القوص,1,قنا
316,316,قفط,1,قنا
317,317,نقادة,1,قنا
276,276,الاقصر,1,الأقصر
277,277,امنت الاقصر,1,الأقصر
278,278,اسنا,1,الأقصر
279,279,القرنه,1,الأقصر
280,280,ادفو,1,أسوان
281,281,كوم حماده,1,أسوان
282,282,توشكا,1,أسوان
283,283,دروا,1,أسوان
318,318,اسوان,1,أسوان
285,285,الداخلة,1,الوادي الجديد
286,286,الخارجة,1,الوادي الجديد
287,287,الفرافره,1,الوادي الجديد
288,288,سفاجا,1,الغردقه
289,289,راس  غالب,1,الغردقه
290,290,القصير,1,الغردقه
310,310,الغردقة,1,الغردقه
354,354,الجونه,1,الغردقه
295,295,السخنه,1,العين السخنة
296,296,الساحل,1,الساحل الشمالي
297,297,جنوب سينا,1,جنوب سيناء
351,351,حلوان,1,حلوان
352,352,15 مايو,1,حلوان
353,353,طره البلد,1,حلوان
356,356,.وادي حوف,1,حلوان
